225,247.5,270,292.5,315,337.5,0,22.5,45,67.5,90,112.5,135,157.5,180,202.5
1,1.27,1.57,1.9,2.26,2.65,3.07,3.52,4,4.52,5.07,5.65,6.26,6.9,7.57,8.27
9,9.77,10.57,11.4,12.26,13.15,14.07,15.02,16,17.02,18.07,19.15,20.26,21.4,22.57,23.77
25,26.27,27.57,28.9,30.26,31.65,33.07,34.52,36,37.52,39.07,40.65,42.26,43.9,45.57,47.27
49,50.77,52.57,54.4,56.26,58.15,60.07,62.02,64,66.02,68.07,70.15,72.26,74.4,76.57,78.77
81,83.27,85.57,87.9,90.26,92.65,95.07,97.52,100,102.52,105.07,107.65,110.26,112.9,115.57,118.27
121,123.77,126.57,129.4,132.26,135.15,138.07,141.02,144,147.02,150.07,153.15,156.26,159.4,162.57,165.77
169,172.27,175.57,178.9,182.26,185.65,189.07,192.52,196,199.52,203.07,206.65,210.26,213.9,217.57,221.27
225,228.77,232.57,236.4,240.26,244.15,248.07,252.02,256,260.02,264.07,268.15,272.26,276.4,280.57,284.77
289,293.27,297.57,301.9,306.26,310.65,315.07,319.52,324,328.52,333.07,337.65,342.26,346.9,351.57,356.27
361,365.77,370.57,375.4,380.26,385.15,390.07,395.02,400,405.02,410.07,415.15,420.26,425.4,430.57,435.77
441,446.27,451.57,456.9,462.26,467.65,473.07,478.52,484,489.52,495.07,500.65,506.26,511.9,517.57,523.27
529,534.77,540.57,546.4,552.26,558.15,564.07,570.02,576,582.02,588.07,594.15,600.26,606.4,612.57,618.77
625,631.27,637.57,643.9,650.26,656.65,663.07,669.52,676,682.52,689.07,695.65,702.26,708.9,715.57,722.27
729,735.77,742.57,749.4,756.26,763.15,770.07,777.02,784,791.02,798.07,805.15,812.26,819.4,826.57,833.77
841,848.27,855.57,862.9,870.26,877.65,885.07,892.52,900,907.52,915.07,922.65,930.26,937.9,945.57,953.27
961,968.77,976.57,984.4,992.26,1000.15,1008.07,1016.02,1024,1032.02,1040.07,1048.15,1056.26,1064.4,1072.57,1080.77
1089,1097.27,1105.57,1113.9,1122.26,1130.65,1139.07,1147.52,1156,1164.52,1173.07,1181.65,1190.26,1198.9,1207.57,1216.27
1225,1233.77,1242.57,1251.4,1260.26,1269.15,1278.07,1287.02,1296,1305.02,1314.07,1323.15,1332.26,1341.4,1350.57,1359.77
1369,1378.27,1387.57,1396.9,1406.26,1415.65,1425.07,1434.52,1444,1453.52,1463.07,1472.65,1482.26,1491.9,1501.57,1511.27
1521,1530.77,1540.57,1550.4,1560.26,1570.15,1580.07,1590.02,1600,1610.02,1620.07,1630.15,1640.26,1650.4,1660.57,1670.77
1681,1691.27,1701.57,1711.9,1722.26,1732.65,1743.07,1753.52,1764,1774.52,1785.07,1795.65,1806.26,1816.9,1827.57,1838.27
1849,1859.77,1870.57,1881.4,1892.26,1903.15,1914.07,1925.02,1936,1947.02,1958.07,1969.15,1980.26,1991.4,2002.57,2013.77
2025,2036.27,2047.57,2058.9,2070.26,2081.65,2093.07,2104.52,2116,2127.52,2139.07,2150.65,2162.26,2173.9,2185.57,2197.27
2209,2220.77,2232.57,2244.4,2256.26,2268.15,2280.07,2292.02,2304,2316.02,2328.07,2340.15,2352.26,2364.4,2376.57,2388.77
2401,2413.27,2425.57,2437.9,2450.26,2462.65,2475.07,2487.52,2500,2512.52,2525.07,2537.65,2550.26,2562.9,2575.57,2588.27
2601,2613.77,2626.57,2639.4,2652.26,2665.15,2678.07,2691.02,2704,2717.02,2730.07,2743.15,2756.26,2769.4,2782.57,2795.77
2809,2822.27,2835.57,2848.9,2862.26,2875.65,2889.07,2902.52,2916,2929.52,2943.07,2956.65,2970.26,2983.9,2997.57,3011.27
3025,3038.77,3052.57,3066.4,3080.26,3094.15,3108.07,3122.02,3136,3150.02,3164.07,3178.15,3192.26,3206.4,3220.57,3234.77
3249,3263.27,3277.57,3291.9,3306.26,3320.65,3335.07,3349.52,3364,3378.52,3393.07,3407.65,3422.26,3436.9,3451.57,3466.27
3481,3495.77,3510.57,3525.4,3540.26,3555.15,3570.07,3585.02,3600,3615.02,3630.07,3645.15,3660.26,3675.4,3690.57,3705.77
3721,3736.27,3751.57,3766.9,3782.26,3797.65,3813.07,3828.52,3844,3859.52,3875.07,3890.65,3906.26,3921.9,3937.57,3953.27
3969,3984.77,4000.57,4016.4,4032.26,4048.15,4064.07,4080.02,4096,4112.02,4128.07,4144.15,4160.26,4176.4,4192.57,4208.77
4225,4241.27,4257.57,4273.9,4290.26,4306.65,4323.07,4339.52,4356,4372.52,4389.07,4405.65,4422.26,4438.9,4455.57,4472.27
4489,4505.77,4522.57,4539.4,4556.26,4573.15,4590.07,4607.02,4624,4641.02,4658.07,4675.15,4692.26,4709.4,4726.57,4743.77
4761,4778.27,4795.57,4812.9,4830.26,4847.65,4865.07,4882.52,4900,4917.52,4935.07,4952.65,4970.26,4987.9,5005.57,5023.27
5041,5058.77,5076.57,5094.4,5112.26,5130.15,5148.07,5166.02,5184,5202.02,5220.07,5238.15,5256.26,5274.4,5292.57,5310.77
5329,5347.27,5365.57,5383.9,5402.26,5420.65,5439.07,5457.52,5476,5494.52,5513.07,5531.65,5550.26,5568.9,5587.57,5606.27
5625,5643.77,5662.57,5681.4,5700.26,5719.15,5738.07,5757.02,5776,5795.02,5814.07,5833.15,5852.26,5871.4,5890.57,5909.77
5929,5948.27,5967.57,5986.9,6006.26,6025.65,6045.07,6064.52,6084,6103.52,6123.07,6142.65,6162.26,6181.9,6201.57,6221.27
6241,6260.77,6280.57,6300.4,6320.26,6340.15,6360.07,6380.02,6400,6420.02,6440.07,6460.15,6480.26,6500.4,6520.57,6540.77
6561,6581.27,6601.57,6621.9,6642.26,6662.65,6683.07,6703.52,6724,6744.52,6765.07,6785.65,6806.26,6826.9,6847.57,6868.27
6889,6909.77,6930.57,6951.4,6972.26,6993.15,7014.07,7035.02,7056,7077.02,7098.07,7119.15,7140.26,7161.4,7182.57,7203.77
7225,7246.27,7267.57,7288.9,7310.26,7331.65,7353.07,7374.52,7396,7417.52,7439.07,7460.65,7482.26,7503.9,7525.57,7547.27
7569,7590.77,7612.57,7634.4,7656.26,7678.15,7700.07,7722.02,7744,7766.02,7788.07,7810.15,7832.26,7854.4,7876.57,7898.77
7921,7943.27,7965.57,7987.9,8010.26,8032.65,8055.07,8077.52,8100,8122.52,8145.07,8167.65,8190.26,8212.9,8235.57,8258.27
8281,8303.77,8326.57,8349.4,8372.26,8395.15,8418.07,8441.02,8464,8487.02,8510.07,8533.15,8556.26,8579.4,8602.57,8625.77
8649,8672.27,8695.57,8718.9,8742.26,8765.65,8789.07,8812.52,8836,8859.52,8883.07,8906.65,8930.26,8953.9,8977.57,9001.27
9025,9048.77,9072.57,9096.4,9120.26,9144.15,9168.07,9192.02,9216,9240.02,9264.07,9288.15,9312.26,9336.4,9360.57,9384.77
9409,9433.27,9457.57,9481.9,9506.26,9530.65,9555.07,9579.52,9604,9628.52,9653.07,9677.65,9702.26,9726.9,9751.57,9776.27
9801,9825.77,9850.57,9875.4,9900.26,9925.15,9950.07,9975.02,10000,10025.02,10050.07,10075.15,10100.26,10125.4,10150.57,10175.77
10201,10226.27,10251.57,10276.9,10302.26,10327.65,10353.07,10378.52,10404,10429.52,10455.07,10480.65,10506.26,10531.9,10557.57,10583.27
10609,10634.77,10660.57,10686.4,10712.26,10738.15,10764.07,10790.02,10816,10842.02,10868.07,10894.15,10920.26,10946.4,10972.57,10998.77
11025,11051.27,11077.57,11103.9,11130.26,11156.65,11183.07,11209.52,11236,11262.52,11289.07,11315.65,11342.26,11368.9,11395.57,11422.27
11449,11475.77,11502.57,11529.4,11556.26,11583.15,11610.07,11637.02,11664,11691.02,11718.07,11745.15,11772.26,11799.4,11826.57,11853.77
11881,11908.27,11935.57,11962.9,11990.26,12017.65,12045.07,12072.52,12100,12127.52,12155.07,12182.65,12210.26,12237.9,12265.57,12293.27
12321,12348.77,12376.57,12404.4,12432.26,12460.15,12488.07,12516.02,12544,12572.02,12600.07,12628.15,12656.26,12684.4,12712.57,12740.77
12769,12797.27,12825.57,12853.9,12882.26,12910.65,12939.07,12967.52,12996,13024.52,13053.07,13081.65,13110.26,13138.9,13167.57,13196.27
13225,13253.77,13282.57,13311.4,13340.26,13369.15,13398.07,13427.02,13456,13485.02,13514.07,13543.15,13572.26,13601.4,13630.57,13659.77
13689,13718.27,13747.57,13776.9,13806.26,13835.65,13865.07,13894.52,13924,13953.52,13983.07,14012.65,14042.26,14071.9,14101.57,14131.27
14161,14190.77,14220.57,14250.4,14280.26,14310.15,14340.07,14370.02,14400,14430.02,14460.07,14490.15,14520.26,14550.4,14580.57,14610.77
14641,14671.27,14701.57,14731.9,14762.26,14792.65,14823.07,14853.52,14884,14914.52,14945.07,14975.65,15006.26,15036.9,15067.57,15098.27
15129,15159.77,15190.57,15221.4,15252.26,15283.15,15314.07,15345.02,15376,15407.02,15438.07,15469.15,15500.26,15531.4,15562.57,15593.77
15625,15656.27,15687.57,15718.9,15750.26,15781.65,15813.07,15844.52,15876,15907.52,15939.07,15970.65,16002.26,16033.9,16065.57,16097.27
16129,16160.77,16192.57,16224.4,16256.26,16288.15,16320.07,16352.02,16384,16416.02,16448.07,16480.15,16512.26,16544.4,16576.57,16608.77
16641,16673.27,16705.57,16737.9,16770.26,16802.65,16835.07,16867.52,16900,16932.52,16965.07,16997.65,17030.26,17062.9,17095.57,17128.27
17161,17193.77,17226.57,17259.4,17292.26,17325.15,17358.07,17391.02,17424,17457.02,17490.07,17523.15,17556.26,17589.4,17622.57,17655.77
17689,17722.27,17755.57,17788.9,17822.26,17855.65,17889.07,17922.52,17956,17989.52,18023.07,18056.65,18090.26,18123.9,18157.57,18191.27
18225,18258.77,18292.57,18326.4,18360.26,18394.15,18428.07,18462.02,18496,18530.02,18564.07,18598.15,18632.26,18666.4,18700.57,18734.77
18769,18803.27,18837.57,18871.9,18906.26,18940.65,18975.07,19009.52,19044,19078.52,19113.07,19147.65,19182.26,19216.9,19251.57,19286.27
19321,19355.77,19390.57,19425.4,19460.26,19495.15,19530.07,19565.02,19600,19635.02,19670.07,19705.15,19740.26,19775.4,19810.57,19845.77
19881,19916.27,19951.57,19986.9,20022.26,20057.65,20093.07,20128.52,20164,20199.52,20235.07,20270.65,20306.26,20341.9,20377.57,20413.27
20449,20484.77,20520.57,20556.4,20592.26,20628.15,20664.07,20700.02,20736,20772.02,20808.07,20844.15,20880.26,20916.4,20952.57,20988.77
21025,21061.27,21097.57,21133.9,21170.26,21206.65,21243.07,21279.52,21316,21352.52,21389.07,21425.65,21462.26,21498.9,21535.57,21572.27
21609,21645.77,21682.57,21719.4,21756.26,21793.15,21830.07,21867.02,21904,21941.02,21978.07,22015.15,22052.26,22089.4,22126.57,22163.77
22201,22238.27,22275.57,22312.9,22350.26,22387.65,22425.07,22462.52,22500,22537.52,22575.07,22612.65,22650.26,22687.9,22725.57,22763.27
22801,22838.77,22876.57,22914.4,22952.26,22990.15,23028.07,23066.02,23104,23142.02,23180.07,23218.15,23256.26,23294.4,23332.57,23370.77
23409,23447.27,23485.57,23523.9,23562.26,23600.65,23639.07,23677.52,23716,23754.52,23793.07,23831.65,23870.26,23908.9,23947.57,23986.27
24025,24063.77,24102.57,24141.4,24180.26,24219.15,24258.07,24297.02,24336,24375.02,24414.07,24453.15,24492.26,24531.4,24570.57,24609.77
24649,24688.27,24727.57,24766.9,24806.26,24845.65,24885.07,24924.52,24964,25003.52,25043.07,25082.65,25122.26,25161.9,25201.57,25241.27
25281,25320.77,25360.57,25400.4,25440.26,25480.15,25520.07,25560.02,25600,25640.02,25680.07,25720.15,25760.26,25800.4,25840.57,25880.77
25921,25961.27,26001.57,26041.9,26082.26,26122.65,26163.07,26203.52,26244,26284.52,26325.07,26365.65,26406.26,26446.9,26487.57,26528.27
26569,26609.77,26650.57,26691.4,26732.26,26773.15,26814.07,26855.02,26896,26937.02,26978.07,27019.15,27060.26,27101.4,27142.57,27183.77
27225,27266.27,27307.57,27348.9,27390.26,27431.65,27473.07,27514.52,27556,27597.52,27639.07,27680.65,27722.26,27763.9,27805.57,27847.27
27889,27930.77,27972.57,28014.4,28056.26,28098.15,28140.07,28182.02,28224,28266.02,28308.07,28350.15,28392.26,28434.4,28476.57,28518.77
28561,28603.27,28645.57,28687.9,28730.26,28772.65,28815.07,28857.52,28900,28942.52,28985.07,29027.65,29070.26,29112.9,29155.57,29198.27
29241,29283.77,29326.57,29369.4,29412.26,29455.15,29498.07,29541.02,29584,29627.02,29670.07,29713.15,29756.26,29799.4,29842.57,29885.77
29929,29972.27,30015.57,30058.9,30102.26,30145.65,30189.07,30232.52,30276,30319.52,30363.07,30406.65,30450.26,30493.9,30537.57,30581.27
30625,30668.77,30712.57,30756.4,30800.26,30844.15,30888.07,30932.02,30976,31020.02,31064.07,31108.15,31152.26,31196.4,31240.57,31284.77
31329,31373.27,31417.57,31461.9,31506.26,31550.65,31595.07,31639.52,31684,31728.52,31773.07,31817.65,31862.26,31906.9,31951.57,31996.27
32041,32085.77,32130.57,32175.4,32220.26,32265.15,32310.07,32355.02,32400,32445.02,32490.07,32535.15,32580.26,32625.4,32670.57,32715.77
32761,32806.27,32851.57,32896.9,32942.26,32987.65,33033.07,33078.52,33124,33169.52,33215.07,33260.65,33306.26,33351.9,33397.57,33443.27
33489,33534.77,33580.57,33626.4,33672.26,33718.15,33764.07,33810.02,33856,33902.02,33948.07,33994.15,34040.26,34086.4,34132.57,34178.77
34225,34271.27,34317.57,34363.9,34410.26,34456.65,34503.07,34549.52,34596,34642.52,34689.07,34735.65,34782.26,34828.9,34875.57,34922.27
34969,35015.77,35062.57,35109.4,35156.26,35203.15,35250.07,35297.02,35344,35391.02,35438.07,35485.15,35532.26,35579.4,35626.57,35673.77
35721,35768.27,35815.57,35862.9,35910.26,35957.65,36005.07,36052.52,36100,36147.52,36195.07,36242.65,36290.26,36337.9,36385.57,36433.27
36481,36528.77,36576.57,36624.4,36672.26,36720.15,36768.07,36816.02,36864,36912.02,36960.07,37008.15,37056.26,37104.4,37152.57,37200.77
37249,37297.27,37345.57,37393.9,37442.26,37490.65,37539.07,37587.52,37636,37684.52,37733.07,37781.65,37830.26,37878.9,37927.57,37976.27
38025,38073.77,38122.57,38171.4,38220.26,38269.15,38318.07,38367.02,38416,38465.02,38514.07,38563.15,38612.26,38661.4,38710.57,38759.77
38809,38858.27,38907.57,38956.9,39006.26,39055.65,39105.07,39154.52,39204,39253.52,39303.07,39352.65,39402.26,39451.9,39501.57,39551.27
39601,39650.77,39700.57,39750.4,39800.26,39850.15,39900.07,39950.02,40000,40050.02,40100.07,40150.15,40200.26,40250.4,40300.57,40350.77
40401,40451.27,40501.57,40551.9,40602.26,40652.65,40703.07,40753.52,40804,40854.52,40905.07,40955.65,41006.26,41056.9,41107.57,41158.27
